Nome,Partido,Estado,Email,Telefone
ABEL MESQUITA JR.,DEM,RR,dep.abelmesquitajr.@camara.leg.br,3215-5248
ADAIL CARNEIRO,PP,CE,dep.adailcarneiro@camara.leg.br,3215-5335
ADALBERTO CAVALCANTI,AVANTE,PE,dep.adalbertocavalcanti@camara.leg.br,3215-5402
ADELMO CARNEIRO LEÃO,PT,MG,dep.adelmocarneiroleao@camara.leg.br,3215-5231
ADELSON BARRETO,PR,SE,dep.adelsonbarreto@camara.leg.br,3215-5937
ADEMIR CAMILO,PODE,MG,dep.ademircamilo@camara.leg.br,3215-5556
AELTON FREITAS,PR,MG,dep.aeltonfreitas@camara.leg.br,3215-5204
AFONSO FLORENCE,PT,BA,dep.afonsoflorence@camara.leg.br,3215-5305
AFONSO HAMM,PP,RS,dep.afonsohamm@camara.leg.br,3215-5604
AFONSO MOTTA,PDT,RS,dep.afonsomotta@camara.leg.br,3215-5711
AGUINALDO RIBEIRO,PP,PB,dep.aguinaldoribeiro@camara.leg.br,3215-5735
ALAN RICK,DEM,AC,dep.alanrick@camara.leg.br,3215-5650
ALBERTO FILHO,PMDB,MA,dep.albertofilho@camara.leg.br,3215-5202
ALBERTO FRAGA,DEM,DF,dep.albertofraga@camara.leg.br,3215-5511
ALCEU MOREIRA,PMDB,RS,dep.alceumoreira@camara.leg.br,3215-5238
ALESSANDRO MOLON,REDE,RJ,dep.alessandromolon@camara.leg.br,3215-5652
ALEX CANZIANI,PTB,PR,dep.alexcanziani@camara.leg.br,3215-5842
ALEX MANENTE,PPS,SP,dep.alexmanente@camara.leg.br,3215-5245
ALEXANDRE LEITE,DEM,SP,dep.alexandreleite@camara.leg.br,3215-5841
ALEXANDRE SERFIOTIS,PMDB,RJ,dep.alexandreserfiotis@camara.leg.br,3215-5554
ALEXANDRE VALLE,PR,RJ,dep.alexandrevalle@camara.leg.br,3215-5587
ALFREDO KAEFER,PSL,PR,dep.alfredokaefer@camara.leg.br,3215-5818
ALFREDO NASCIMENTO,PR,AM,dep.alfredonascimento@camara.leg.br,3215-5401
ALICE PORTUGAL,PCdoB,BA,dep.aliceportugal@camara.leg.br,3215-5420
ALIEL MACHADO,REDE,PR,dep.alielmachado@camara.leg.br,3215-5480
ALTINEU CÔRTES,PMDB,RJ,dep.altineucortes@camara.leg.br,3215-5578
ALUISIO MENDES,PODE,MA,dep.aluisiomendes@camara.leg.br,3215-5931
ANA PERUGINI,PT,SP,dep.anaperugini@camara.leg.br,3215-5436
ANDRÉ ABDON,PP,AP,dep.andreabdon@camara.leg.br,3215-5831
ANDRÉ AMARAL,PMDB,PB,dep.andreamaral@camara.leg.br,3215-5276
ANDRÉ DE PAULA,PSD,PE,dep.andredepaula@camara.leg.br,3215-5754
ANDRÉ FIGUEIREDO,PDT,CE,dep.andrefigueiredo@camara.leg.br,3215-5940
ANDRÉ FUFUCA,PP,MA,dep.andrefufuca@camara.leg.br,3215-5945
ANDRE MOURA,PSC,SE,dep.andremoura@camara.leg.br,3215-5846
ANDRES SANCHEZ,PT,SP,dep.andressanchez@camara.leg.br,3215-5939
ANGELIM,PT,AC,dep.angelim@camara.leg.br,3215-5543
ANÍBAL GOMES,PMDB,CE,dep.anibalgomes@camara.leg.br,3215-5731
ANTONIO BRITO,PSD,BA,dep.antoniobrito@camara.leg.br,3215-5479
ANTONIO BULHÕES,PRB,SP,dep.antoniobulhoes@camara.leg.br,3215-5327
ANTONIO CARLOS MENDES THAME,PV,SP,dep.antoniocarlosmendesthame@camara.leg.br,3215-5626
ANTONIO IMBASSAHY,PSDB,BA,dep.antonioimbassahy@camara.leg.br,3215-5810
ANTÔNIO JÁCOME,PODE,RN,dep.antoniojacome@camara.leg.br,3215-5230
ARIOSTO HOLANDA,PDT,CE,dep.ariostoholanda@camara.leg.br,3215-5522
ARLINDO CHINAGLIA,PT,SP,dep.arlindochinaglia@camara.leg.br,3215-5966
ARNALDO FARIA DE SÁ,PTB,SP,dep.arnaldofariadesa@camara.leg.br,3215-5929
ARNALDO JORDY,PPS,PA,dep.arnaldojordy@camara.leg.br,3215-5506
AROLDE DE OLIVEIRA,PSC,RJ,dep.aroldedeoliveira@camara.leg.br,3215-5917
ARTHUR LIRA,PP,AL,dep.arthurlira@camara.leg.br,3215-5942
ARTHUR OLIVEIRA MAIA,PPS,BA,dep.arthuroliveiramaia@camara.leg.br,3215-5830
ASSIS CARVALHO,PT,PI,dep.assiscarvalho@camara.leg.br,3215-5909
ASSIS DO COUTO,PDT,PR,dep.assisdocouto@camara.leg.br,3215-5428
ÁTILA LINS,PSD,AM,dep.atilalins@camara.leg.br,3215-5730
ÁTILA LIRA,PSB,PI,dep.atilalira@camara.leg.br,3215-5640
AUGUSTO CARVALHO,SD,DF,dep.augustocarvalho@camara.leg.br,3215-5215
AUGUSTO COUTINHO ,SD,PE,dep.augustocoutinho@camara.leg.br,3215-5373
AUREO,SD,RJ,dep.aureo@camara.leg.br,3215-5212
BACELAR,PODE,BA,dep.bacelar@camara.leg.br,3215-5381
BALEIA ROSSI,PMDB,SP,dep.baleiarossi@camara.leg.br,3215-5829
BEBETO,PSB,BA,dep.bebeto@camara.leg.br,3215-5541
BENEDITA DA SILVA,PT,RJ,dep.beneditadasilva@camara.leg.br,3215-5330
BENITO GAMA,PTB,BA,dep.benitogama@camara.leg.br,3215-5414
BENJAMIN MARANHÃO,SD,PB,dep.benjaminmaranhao@camara.leg.br,3215-5458
BETINHO GOMES,PSDB,PE,dep.betinhogomes@camara.leg.br,3215-5269
BETO FARO,PT,PA,dep.betofaro@camara.leg.br,3215-5723
BETO MANSUR,PRB,SP,dep.betomansur@camara.leg.br,3215-5616
BETO ROSADO,PP,RN,dep.betorosado@camara.leg.br,3215-5840
BETO SALAME,PP,PA,dep.betosalame@camara.leg.br,3215-5473
BILAC PINTO,PR,MG,dep.bilacpinto@camara.leg.br,3215-5806
BOHN GASS,PT,RS,dep.bohngass@camara.leg.br,3215-5469
BONIFÁCIO DE ANDRADA,PSDB,MG,dep.bonifaciodeandrada@camara.leg.br,3215-5208
BRUNA FURLAN,PSDB,SP,dep.brunafurlan@camara.leg.br,3215-5836
BRUNNY,PR,MG,dep.brunny@camara.leg.br,3215-5260
BRUNO ARAÚJO,PSDB,PE,dep.brunoaraujo@camara.leg.br,3215-5718
CABO DACIOLO,AVANTE,RJ,dep.cabodaciolo@camara.leg.br,3215-5803
CABO SABINO,PR,CE,dep.cabosabino@camara.leg.br,3215-5617
CABUÇU BORGES,PMDB,AP,dep.cabucuborges@camara.leg.br,3215-5380
CACÁ LEÃO,PP,BA,dep.cacaleao@camara.leg.br,3215-5320
CAETANO,PT,BA,dep.caetano@camara.leg.br,3215-5415
CAIO NARCIO,PSDB,MG,dep.caionarcio@camara.leg.br,3215-5431
CAJAR NARDES,PODE,RS,dep.cajarnardes@camara.leg.br,3215-5379
CAPITÃO AUGUSTO,PR,SP,dep.capitaoaugusto@camara.leg.br,3215-5273
CARLOS ANDRADE,PHS,RR,dep.carlosandrade@camara.leg.br,3215-5758
CARLOS BEZERRA,PMDB,MT,dep.carlosbezerra@camara.leg.br,3215-5815
CARLOS EDUARDO CADOCA,PDT,PE,dep.carloseduardocadoca@camara.leg.br,3215-5583
CARLOS GOMES,PRB,RS,dep.carlosgomes@camara.leg.br,3215-5285
CARLOS HENRIQUE GAGUIM,PODE,TO,dep.carloshenriquegaguim@camara.leg.br,3215-5222
CARLOS MANATO,SD,ES,dep.carlosmanato@camara.leg.br,3215-5313
CARLOS MELLES,DEM,MG,dep.carlosmelles@camara.leg.br,3215-5243
CARLOS SAMPAIO,PSDB,SP,dep.carlossampaio@camara.leg.br,3215-5207
CARLOS SOUZA,PSDB,AM,dep.carlossouza@camara.leg.br,3215-5521
CARLOS ZARATTINI,PT,SP,dep.carloszarattini@camara.leg.br,3215-5808
CARMEN ZANOTTO,PPS,SC,dep.carmenzanotto@camara.leg.br,3215-5240
CÉLIO SILVEIRA,PSDB,GO,dep.celiosilveira@camara.leg.br,3215-5565
CELSO JACOB,PMDB,RJ,dep.celsojacob@camara.leg.br,3215-5382
CELSO MALDANER,PMDB,SC,dep.celsomaldaner@camara.leg.br,3215-5311
CELSO PANSERA,PMDB,RJ,dep.celsopansera@camara.leg.br,3215-5475
CELSO RUSSOMANNO,PRB,SP,dep.celsorussomanno@camara.leg.br,3215-5960
CÉSAR HALUM,PRB,TO,dep.cesarhalum@camara.leg.br,3215-5422
CÉSAR MESSIAS,PSB,AC,dep.cesarmessias@camara.leg.br,3215-5956
CESAR SOUZA,PSD,SC,dep.cesarsouza@camara.leg.br,3215-5609
CHICO ALENCAR,PSOL,RJ,dep.chicoalencar@camara.leg.br,3215-5848
CHICO D'ANGELO,PT,RJ,dep.chicod'angelo@camara.leg.br,3215-5542
CHICO LOPES,PCdoB,CE,dep.chicolopes@camara.leg.br,3215-5310
CHRISTIANE DE SOUZA YARED,PR,PR,dep.christianedesouzayared@camara.leg.br,3215-5201
CÍCERO ALMEIDA,PODE,AL,dep.ciceroalmeida@camara.leg.br,3215-5760
CLAUDIO CAJADO,DEM,BA,dep.claudiocajado@camara.leg.br,3215-5630
CLEBER VERDE,PRB,MA,dep.cleberverde@camara.leg.br,3215-5710
CONCEIÇÃO SAMPAIO,PP,AM,dep.conceicaosampaio@camara.leg.br,3215-5515
COVATTI FILHO,PP,RS,dep.covattifilho@camara.leg.br,3215-5228
CREUZA PEREIRA,PSB,PE,dep.creuzapereira@camara.leg.br,3215-5662
CRISTIANE BRASIL,PTB,RJ,dep.cristianebrasil@camara.leg.br,3215-5644
DAGOBERTO NOGUEIRA,PDT,MS,dep.dagobertonogueira@camara.leg.br,3215-5654
DAMIÃO FELICIANO,PDT,PB,dep.damiaofeliciano@camara.leg.br,3215-5938
DÂMINA PEREIRA,PSL,MG,dep.daminapereira@camara.leg.br,3215-5434
DANIEL ALMEIDA,PCdoB,BA,dep.danielalmeida@camara.leg.br,3215-5317
DANIEL COELHO,PSDB,PE,dep.danielcoelho@camara.leg.br,3215-5813
DANIEL VILELA,PMDB,GO,dep.danielvilela@camara.leg.br,3215-5471
DANILO CABRAL,PSB,PE,dep.danilocabral@camara.leg.br,3215-5423
DANILO FORTE,DEM,CE,dep.daniloforte@camara.leg.br,3215-5384
DANRLEI DE DEUS HINTERHOLZ,PSD,RS,dep.danrleidedeushinterholz@camara.leg.br,3215-5566
DARCÍSIO PERONDI,PMDB,RS,dep.darcisioperondi@camara.leg.br,3215-5518
DAVIDSON MAGALHÃES,PCdoB,BA,dep.davidsonmagalhaes@camara.leg.br,3215-5642
DÉCIO LIMA,PT,SC,dep.deciolima@camara.leg.br,3215-5218
DEJORGE PATRÍCIO,PRB,RJ,dep.dejorgepatricio@camara.leg.br,3215-5714
DELEGADO ÉDER MAURO,PSD,PA,dep.delegadoedermauro@camara.leg.br,3215-5586
DELEGADO EDSON MOREIRA,PR,MG,dep.delegadoedsonmoreira@camara.leg.br,3215-5933
DELEGADO FRANCISCHINI,SD,PR,dep.delegadofrancischini@camara.leg.br,3215-5265
DELEGADO WALDIR,PR,GO,dep.delegadowaldir@camara.leg.br,3215-5645
DELEY,PTB,RJ,dep.deley@camara.leg.br,3215-5742
DEOCLIDES MACEDO,PDT,MA,dep.deoclidesmacedo@camara.leg.br,3215-5350
DIEGO ANDRADE,PSD,MG,dep.diegoandrade@camara.leg.br,3215-5307
DIEGO GARCIA,PHS,PR,dep.diegogarcia@camara.leg.br,3215-5745
DILCEU SPERAFICO,PP,PR,dep.dilceusperafico@camara.leg.br,3215-5746
DIMAS FABIANO,PP,MG,dep.dimasfabiano@camara.leg.br,3215-5325
DOMINGOS NETO,PSD,CE,dep.domingosneto@camara.leg.br,3215-5546
DOMINGOS SÁVIO,PSDB,MG,dep.domingossavio@camara.leg.br,3215-5345
DR. JORGE SILVA,PHS,ES,dep.dr.jorgesilva@camara.leg.br,3215-5227
DR. SINVAL MALHEIROS,PODE,SP,dep.dr.sinvalmalheiros@camara.leg.br,3215-5520
DULCE MIRANDA,PMDB,TO,dep.dulcemiranda@camara.leg.br,3215-5530
EDIO LOPES,PR,RR,dep.ediolopes@camara.leg.br,3215-5408
EDMAR ARRUDA,PSD,PR,dep.edmararruda@camara.leg.br,3215-5962
EDMILSON RODRIGUES,PSOL,PA,dep.edmilsonrodrigues@camara.leg.br,3215-5301
EDUARDO BARBOSA,PSDB,MG,dep.eduardobarbosa@camara.leg.br,3215-5540
EDUARDO BOLSONARO,PSC,SP,dep.eduardobolsonaro@camara.leg.br,3215-5481
EDUARDO CURY,PSDB,SP,dep.eduardocury@camara.leg.br,3215-5368
EDUARDO DA FONTE,PP,PE,dep.eduardodafonte@camara.leg.br,3215-5628
EFRAIM FILHO,DEM,PB,dep.efraimfilho@camara.leg.br,3215-5744
ELCIONE BARBALHO,PMDB,PA,dep.elcionebarbalho@camara.leg.br,3215-5919
ELI CORRÊA FILHO,DEM,SP,dep.elicorreafilho@camara.leg.br,3215-5850
ELIZEU DIONIZIO,PSDB,MS,dep.elizeudionizio@camara.leg.br,3215-5531
ELIZIANE GAMA,PPS,MA,dep.elizianegama@camara.leg.br,3215-5205
ELMAR NASCIMENTO,DEM,BA,dep.elmarnascimento@camara.leg.br,3215-5935
ENIO VERRI,PT,PR,dep.enioverri@camara.leg.br,3215-5472
ERIKA KOKAY,PT,DF,dep.erikakokay@camara.leg.br,3215-5203
ERIVELTON SANTANA,PEN,BA,dep.eriveltonsantana@camara.leg.br,3215-5756
EROS BIONDINI,PROS,MG,dep.erosbiondini@camara.leg.br,3215-5321
ESPERIDIÃO AMIN,PP,SC,dep.esperidiaoamin@camara.leg.br,3215-5252
EVAIR VIEIRA DE MELO,PV,ES,dep.evairvieirademelo@camara.leg.br,3215-5443
EVANDRO GUSSI,PV,SP,dep.evandrogussi@camara.leg.br,3215-5433
EVANDRO ROMAN,PSD,PR,dep.evandroroman@camara.leg.br,3215-5303
EXPEDITO NETTO,PSD,RO,dep.expeditonetto@camara.leg.br,3215-5943
EZEQUIEL FONSECA,PP,MT,dep.ezequielfonseca@camara.leg.br,3215-5658
EZEQUIEL TEIXEIRA,PODE,RJ,dep.ezequielteixeira@camara.leg.br,3215-5210
FÁBIO FARIA,PSD,RN,dep.fabiofaria@camara.leg.br,3215-5706
FABIO GARCIA,S.PART.,MT,dep.fabiogarcia@camara.leg.br,3215-5278
FÁBIO MITIDIERI,PSD,SE,dep.fabiomitidieri@camara.leg.br,3215-5286
FÁBIO RAMALHO,PMDB,MG,dep.fabioramalho@camara.leg.br,3215-5452
FABIO REIS,PMDB,SE,dep.fabioreis@camara.leg.br,3215-5456
FÁBIO SOUSA,PSDB,GO,dep.fabiosousa@camara.leg.br,3215-5271
FÁBIO TRAD,PMDB,MS,dep.fabiotrad@camara.leg.br,3215-5856
FAUSTO PINATO,PP,SP,dep.faustopinato@camara.leg.br,3215-5562
FELIPE BORNIER,PROS,RJ,dep.felipebornier@camara.leg.br,3215-5216
FELIPE MAIA,DEM,RN,dep.felipemaia@camara.leg.br,3215-5528
FÉLIX MENDONÇA JÚNIOR,PDT,BA,dep.felixmendoncajunior@camara.leg.br,3215-5912
FERNANDO MONTEIRO,PP,PE,dep.fernandomonteiro@camara.leg.br,3215-5282
FERNANDO TORRES,PSD,BA,dep.fernandotorres@camara.leg.br,3215-5576
FLÁVIA MORAIS,PDT,GO,dep.flaviamorais@camara.leg.br,3215-5738
FLAVIANO MELO,PMDB,AC,dep.flavianomelo@camara.leg.br,3215-5224
FLAVINHO,PSB,SP,dep.flavinho@camara.leg.br,3215-5369
FRANCISCO CHAPADINHA,PODE,PA,dep.franciscochapadinha@camara.leg.br,3215-5385
FRANCISCO FLORIANO,DEM,RJ,dep.franciscofloriano@camara.leg.br,3215-5719
FRANKLIN,PP,MG,dep.franklin@camara.leg.br,3215-5627
GABRIEL GUIMARÃES,PT,MG,dep.gabrielguimaraes@camara.leg.br,3215-5821
GENECIAS NORONHA,SD,CE,dep.geneciasnoronha@camara.leg.br,3215-5244
GEORGE HILTON,PSB,MG,dep.georgehilton@camara.leg.br,3215-5804
GEOVANIA DE SÁ,PSDB,SC,dep.geovaniadesa@camara.leg.br,3215-5606
GERALDO RESENDE,PSDB,MS,dep.geraldoresende@camara.leg.br,3215-5905
GIACOBO,PR,PR,dep.giacobo@camara.leg.br,3215-5762
GILBERTO NASCIMENTO,PSC,SP,dep.gilbertonascimento@camara.leg.br,3215-5834
GIOVANI CHERINI,PR,RS,dep.giovanicherini@camara.leg.br,3215-5468
GIUSEPPE VECCI,PSDB,GO,dep.giuseppevecci@camara.leg.br,3215-5383
GIVALDO CARIMBÃO,PHS,AL,dep.givaldocarimbao@camara.leg.br,3215-5732
GIVALDO VIEIRA,PT,ES,dep.givaldovieira@camara.leg.br,3215-5805
GLAUBER BRAGA,PSOL,RJ,dep.glauberbraga@camara.leg.br,3215-5362
GONZAGA PATRIOTA,PSB,PE,dep.gonzagapatriota@camara.leg.br,3215-5430
GORETE PEREIRA,PR,CE,dep.goretepereira@camara.leg.br,3215-5206
GOULART,PSD,SP,dep.goulart@camara.leg.br,3215-5533
GUILHERME MUSSI,PP,SP,dep.guilhermemussi@camara.leg.br,3215-5712
HEITOR SCHUCH,PSB,RS,dep.heitorschuch@camara.leg.br,3215-5277
HELDER SALOMÃO,PT,ES,dep.heldersalomao@camara.leg.br,3215-5573
HÉLIO LEITE,DEM,PA,dep.helioleite@camara.leg.br,3215-5403
HENRIQUE FONTANA,PT,RS,dep.henriquefontana@camara.leg.br,3215-5256
HERÁCLITO FORTES,PSB,PI,dep.heraclitofortes@camara.leg.br,3215-5708
HERCULANO PASSOS,PSD,SP,dep.herculanopassos@camara.leg.br,3215-5926
HERMES PARCIANELLO,PMDB,PR,dep.hermesparcianello@camara.leg.br,3215-5234
HEULER CRUVINEL,PSD,GO,dep.heulercruvinel@camara.leg.br,3215-5536
HILDO ROCHA,PMDB,MA,dep.hildorocha@camara.leg.br,3215-5734
HIRAN GONÇALVES,PP,RR,dep.hirangoncalves@camara.leg.br,3215-5274
HISSA ABRAHÃO,PDT,AM,dep.hissaabrahao@camara.leg.br,3215-5272
HUGO LEAL,PSB,RJ,dep.hugoleal@camara.leg.br,3215-5631
HUGO MOTTA,PMDB,PB,dep.hugomotta@camara.leg.br,3215-5237
IRACEMA PORTELLA,PP,PI,dep.iracemaportella@camara.leg.br,3215-5924
IRAJÁ ABREU,PSD,TO,dep.irajaabreu@camara.leg.br,3215-5802
IRMÃO LAZARO,PSC,BA,dep.irmaolazaro@camara.leg.br,3215-5450
IVAN VALENTE,PSOL,SP,dep.ivanvalente@camara.leg.br,3215-5716
IZALCI LUCAS,PSDB,DF,dep.izalcilucas@camara.leg.br,3215-5602
IZAQUE SILVA,PSDB,SP,dep.izaquesilva@camara.leg.br,3215-5915
JAIME MARTINS,PSD,MG,dep.jaimemartins@camara.leg.br,3215-5904
JAIR BOLSONARO,PSC,RJ,dep.jairbolsonaro@camara.leg.br,3215-5482
JANDIRA FEGHALI,PCdoB,RJ,dep.jandirafeghali@camara.leg.br,3215-5622
JANETE CAPIBERIBE,PSB,AP,dep.janetecapiberibe@camara.leg.br,3215-5209
JARBAS VASCONCELOS,PMDB,PE,dep.jarbasvasconcelos@camara.leg.br,3215-5304
JEAN WYLLYS,PSOL,RJ,dep.jeanwyllys@camara.leg.br,3215-5646
JEFFERSON CAMPOS,PSD,SP,dep.jeffersoncampos@camara.leg.br,3215-5346
JERÔNIMO GOERGEN,PP,RS,dep.jeronimogoergen@camara.leg.br,3215-5316
JÉSSICA SALES,PMDB,AC,dep.jessicasales@camara.leg.br,3215-5952
JHC,PSB,AL,dep.jhc@camara.leg.br,3215-5958
JHONATAN DE JESUS,PRB,RR,dep.jhonatandejesus@camara.leg.br,3215-5535
JÔ MORAES,PCdoB,MG,dep.jomoraes@camara.leg.br,3215-5322
JOÃO ARRUDA,PMDB,PR,dep.joaoarruda@camara.leg.br,3215-5633
JOÃO CAMPOS,PRB,GO,dep.joaocampos@camara.leg.br,3215-5315
JOÃO CARLOS BACELAR,PR,BA,dep.joaocarlosbacelar@camara.leg.br,3215-5928
JOÃO DANIEL,PT,SE,dep.joaodaniel@camara.leg.br,3215-5605
JOÃO DERLY,REDE,RS,dep.joaoderly@camara.leg.br,3215-5901
JOÃO FERNANDO COUTINHO,PSB,PE,dep.joaofernandocoutinho@camara.leg.br,3215-5567
JOÃO GUALBERTO,PSDB,BA,dep.joaogualberto@camara.leg.br,3215-5358
JOÃO MARCELO SOUZA,PMDB,MA,dep.joaomarcelosouza@camara.leg.br,3215-5639
JOÃO PAULO KLEINÜBING,PSD,SC,dep.joaopaulokleinubing@camara.leg.br,3215-5703
JOÃO PAULO PAPA,PSDB,SP,dep.joaopaulopapa@camara.leg.br,3215-5476
JOÃO RODRIGUES,PSD,SC,dep.joaorodrigues@camara.leg.br,3215-5503
JOAQUIM PASSARINHO,PSD,PA,dep.joaquimpassarinho@camara.leg.br,3215-5339
JONY MARCOS,PRB,SE,dep.jonymarcos@camara.leg.br,3215-5807
JORGE BOEIRA,PP,SC,dep.jorgeboeira@camara.leg.br,3215-5342
JORGE CÔRTE REAL,PTB,PE,dep.jorgecortereal@camara.leg.br,3215-5621
JORGE SOLLA,PT,BA,dep.jorgesolla@camara.leg.br,3215-5571
JORGE TADEU MUDALEN,DEM,SP,dep.jorgetadeumudalen@camara.leg.br,3215-5538
JORGINHO MELLO,PR,SC,dep.jorginhomello@camara.leg.br,3215-5329
JOSÉ AIRTON CIRILO,PT,CE,dep.joseairtoncirilo@camara.leg.br,3215-5319
JOSÉ CARLOS ALELUIA,DEM,BA,dep.josecarlosaleluia@camara.leg.br,3215-5854
JOSÉ CARLOS ARAÚJO,PR,BA,dep.josecarlosaraujo@camara.leg.br,3215-5232
JOSÉ FOGAÇA ,PMDB,RS,dep.josefogaca@camara.leg.br,3215-5376
JOSÉ GUIMARÃES,PT,CE,dep.joseguimaraes@camara.leg.br,3215-5306
JOSÉ MENTOR,PT,SP,dep.josementor@camara.leg.br,3215-5502
JOSÉ NUNES,PSD,BA,dep.josenunes@camara.leg.br,3215-5728
JOSÉ OTÁVIO GERMANO,PP,RS,dep.joseotaviogermano@camara.leg.br,3215-5424
JOSÉ PRIANTE,PMDB,PA,dep.josepriante@camara.leg.br,3215-5752
JOSÉ REINALDO,S.PART.,MA,dep.josereinaldo@camara.leg.br,3215-5529
JOSÉ ROCHA,PR,BA,dep.joserocha@camara.leg.br,3215-5908
JOSE STÉDILE,PSB,RS,dep.josestedile@camara.leg.br,3215-5354
JOSI NUNES,PMDB,TO,dep.josinunes@camara.leg.br,3215-5950
JOSUÉ BENGTSON,PTB,PA,dep.josuebengtson@camara.leg.br,3215-5505
JOVAIR ARANTES,PTB,GO,dep.jovairarantes@camara.leg.br,3215-5504
JOZI ARAÚJO,PODE,AP,dep.joziaraujo@camara.leg.br,3215-5309
JÚLIA MARINHO,PSC,PA,dep.juliamarinho@camara.leg.br,3215-5707
JÚLIO CESAR,PSD,PI,dep.juliocesar@camara.leg.br,3215-5944
JÚLIO DELGADO,PSB,MG,dep.juliodelgado@camara.leg.br,3215-5323
JULIO LOPES,PP,RJ,dep.juliolopes@camara.leg.br,3215-5544
JUNIOR MARRECA,PEN,MA,dep.juniormarreca@camara.leg.br,3215-5537
JUSCELINO FILHO,DEM,MA,dep.juscelinofilho@camara.leg.br,3215-5370
JUTAHY JUNIOR,PSDB,BA,dep.jutahyjunior@camara.leg.br,3215-5407
KEIKO OTA,PSB,SP,dep.keikoota@camara.leg.br,3215-5523
LAERCIO OLIVEIRA,SD,SE,dep.laerciooliveira@camara.leg.br,3215-5629
LAERTE BESSA,PR,DF,dep.laertebessa@camara.leg.br,3215-5340
LAUDIVIO CARVALHO,SD,MG,dep.laudiviocarvalho@camara.leg.br,3215-5717
LAURA CARNEIRO,PMDB,RJ,dep.lauracarneiro@camara.leg.br,3215-5419
LÁZARO BOTELHO,PP,TO,dep.lazarobotelho@camara.leg.br,3215-5478
LEANDRE,PV,PR,dep.leandre@camara.leg.br,3215-5454
LELO COIMBRA,PMDB,ES,dep.lelocoimbra@camara.leg.br,3215-5801
LEO DE BRITO,PT,AC,dep.leodebrito@camara.leg.br,3215-5619
LEONARDO MONTEIRO,PT,MG,dep.leonardomonteiro@camara.leg.br,3215-5922
LEONARDO QUINTÃO,PMDB,MG,dep.leonardoquintao@camara.leg.br,3215-5914
LEÔNIDAS CRISTINO,PDT,CE,dep.leonidascristino@camara.leg.br,3215-5948
LEOPOLDO MEYER,PSB,PR,dep.leopoldomeyer@camara.leg.br,3215-5233
LINCOLN PORTELA,PRB,MG,dep.lincolnportela@camara.leg.br,3215-5615
LINDOMAR GARÇON,PRB,RO,dep.lindomargarcon@camara.leg.br,3215-5548
LOBBE NETO,PSDB,SP,dep.lobbeneto@camara.leg.br,3215-5275
LUANA COSTA,PSB,MA,dep.luanacosta@camara.leg.br,3215-5324
LUCAS VERGILIO,SD,GO,dep.lucasvergilio@camara.leg.br,3215-5816
LUCIANA SANTOS,PCdoB,PE,dep.lucianasantos@camara.leg.br,3215-5524
LUCIANO BIVAR,PSL,PE,dep.lucianobivar@camara.leg.br,3215-5525
LUCIANO DUCCI,PSB,PR,dep.lucianoducci@camara.leg.br,3215-5427
LUCIO MOSQUINI,PMDB,RO,dep.luciomosquini@camara.leg.br,3215-5333
LÚCIO VALE,PR,PA,dep.luciovale@camara.leg.br,3215-5822
LUCIO VIEIRA LIMA,PMDB,BA,dep.luciovieiralima@camara.leg.br,3215-5612
LUIS CARLOS HEINZE,PP,RS,dep.luiscarlosheinze@camara.leg.br,3215-5526
LUIS TIBÉ,AVANTE,MG,dep.luistibe@camara.leg.br,3215-5632
LUIZ CARLOS HAULY,PSDB,PR,dep.luizcarloshauly@camara.leg.br,3215-5220
LUIZ CARLOS RAMOS ,PODE,RJ,dep.luizcarlosramos@camara.leg.br,3215-5636
LUIZ CLÁUDIO,PR,RO,dep.luizclaudio@camara.leg.br,3215-5643
LUIZ COUTO,PT,PB,dep.luizcouto@camara.leg.br,3215-5442
LUIZ FERNANDO FARIA,PP,MG,dep.luizfernandofaria@camara.leg.br,3215-5832
LUIZ LAURO FILHO,PSB,SP,dep.luizlaurofilho@camara.leg.br,3215-5418
LUIZ NISHIMORI,PR,PR,dep.luiznishimori@camara.leg.br,3215-5907
LUIZ SÉRGIO,PT,RJ,dep.luizsergio@camara.leg.br,3215-5409
LUIZA ERUNDINA,PSOL,SP,dep.luizaerundina@camara.leg.br,3215-5620
LUIZIANNE LINS,PT,CE,dep.luiziannelins@camara.leg.br,3215-5713
MACEDO,PP,CE,dep.macedo@camara.leg.br,3215-5214
MAGDA MOFATTO,PR,GO,dep.magdamofatto@camara.leg.br,3215-5934
MAIA FILHO,PP,PI,dep.maiafilho@camara.leg.br,3215-5624
MAJOR OLIMPIO,SD,SP,dep.majorolimpio@camara.leg.br,3215-5279
MANDETTA,DEM,MS,dep.mandetta@camara.leg.br,3215-5577
MARA GABRILLI,PSDB,SP,dep.maragabrilli@camara.leg.br,3215-5226
MARCELO AGUIAR,DEM,SP,dep.marceloaguiar@camara.leg.br,3215-5367
MARCELO ÁLVARO ANTÔNIO,PR,MG,dep.marceloalvaroantonio@camara.leg.br,3215-5824
MARCELO ARO,PHS,MG,dep.marceloaro@camara.leg.br,3215-5280
MARCELO CASTRO,PMDB,PI,dep.marcelocastro@camara.leg.br,3215-5811
MARCELO DELAROLI,PR,RJ,dep.marcelodelaroli@camara.leg.br,3215-5509
MARCELO MATOS,PHS,RJ,dep.marcelomatos@camara.leg.br,3215-5579
MARCELO SQUASSONI,PRB,SP,dep.marcelosquassoni@camara.leg.br,3215-5550
MARCIO ALVINO,PR,SP,dep.marcioalvino@camara.leg.br,3215-5331
MÁRCIO BIOLCHI,PMDB,RS,dep.marciobiolchi@camara.leg.br,3215-5927
MÁRCIO MARINHO,PRB,BA,dep.marciomarinho@camara.leg.br,3215-5326
MARCO ANTÔNIO CABRAL,PMDB,RJ,dep.marcoantoniocabral@camara.leg.br,3215-5585
MARCO MAIA,PT,RS,dep.marcomaia@camara.leg.br,3215-5964
MARCO TEBALDI,PSDB,SC,dep.marcotebaldi@camara.leg.br,3215-5284
MARCON,PT,RS,dep.marcon@camara.leg.br,3215-5569
MARCOS ABRÃO,PPS,GO,dep.marcosabrao@camara.leg.br,3215-5375
MARCOS MONTES,PSD,MG,dep.marcosmontes@camara.leg.br,3215-5334
MARCOS REATEGUI,PSD,AP,dep.marcosreategui@camara.leg.br,3215-5344
MARCOS ROGÉRIO,DEM,RO,dep.marcosrogerio@camara.leg.br,3215-5930
MARCOS SOARES,DEM,RJ,dep.marcossoares@camara.leg.br,3215-5741
MARCUS PESTANA,PSDB,MG,dep.marcuspestana@camara.leg.br,3215-5715
MARCUS VICENTE,PP,ES,dep.marcusvicente@camara.leg.br,3215-5360
MARGARIDA SALOMÃO,PT,MG,dep.margaridasalomao@camara.leg.br,3215-5236
MARIA DO ROSÁRIO,PT,RS,dep.mariadorosario@camara.leg.br,3215-5312
MARIA HELENA,PSB,RR,dep.mariahelena@camara.leg.br,3215-5410
MARIANA CARVALHO,PSDB,RO,dep.marianacarvalho@camara.leg.br,3215-5508
MARINALDO ROSENDO,PSB,PE,dep.marinaldorosendo@camara.leg.br,3215-5827
MARINHA RAUPP,PMDB,RO,dep.marinharaupp@camara.leg.br,3215-5614
MÁRIO HERINGER,PDT,MG,dep.marioheringer@camara.leg.br,3215-5211
MÁRIO NEGROMONTE JR.,PP,BA,dep.marionegromontejr.@camara.leg.br,3215-5517
MAURO LOPES,PMDB,MG,dep.maurolopes@camara.leg.br,3215-5844
MAURO MARIANI,PMDB,SC,dep.mauromariani@camara.leg.br,3215-5925
MAURO PEREIRA,PMDB,RS,dep.mauropereira@camara.leg.br,3215-5843
MIGUEL HADDAD,PSDB,SP,dep.miguelhaddad@camara.leg.br,3215-5250
MIGUEL LOMBARDI,PR,SP,dep.miguellombardi@camara.leg.br,3215-5835
MILTON MONTI,PR,SP,dep.miltonmonti@camara.leg.br,3215-5328
MIRO TEIXEIRA,REDE,RJ,dep.miroteixeira@camara.leg.br,3215-5270
MISAEL VARELLA,DEM,MG,dep.misaelvarella@camara.leg.br,3215-5721
MISSIONÁRIO JOSÉ OLIMPIO,DEM,SP,dep.missionariojoseolimpio@camara.leg.br,3215-5507
MOISÉS DINIZ,PCdoB,AC,dep.moisesdiniz@camara.leg.br,3215-5421
MOSES RODRIGUES,PMDB,CE,dep.mosesrodrigues@camara.leg.br,3215-5809
NELSON MARQUEZELLI,PTB,SP,dep.nelsonmarquezelli@camara.leg.br,3215-5920
NELSON MEURER,PP,PR,dep.nelsonmeurer@camara.leg.br,3215-5916
NELSON PADOVANI,PSDB,PR,dep.nelsonpadovani@camara.leg.br,3215-5513
NELSON PELLEGRINO,PT,BA,dep.nelsonpellegrino@camara.leg.br,3215-5826
NEWTON CARDOSO JR,PMDB,MG,dep.newtoncardosojr@camara.leg.br,3215-5932
NILSON LEITÃO,PSDB,MT,dep.nilsonleitao@camara.leg.br,3215-5825
NILSON PINTO,PSDB,PA,dep.nilsonpinto@camara.leg.br,3215-5527
NILTO TATTO,PT,SP,dep.niltotatto@camara.leg.br,3215-5267
NILTON CAPIXABA,PTB,RO,dep.niltoncapixaba@camara.leg.br,3215-5724
NIVALDO ALBUQUERQUE,PRP,AL,dep.nivaldoalbuquerque@camara.leg.br,3215-5425
NORMA AYUB,DEM,ES,dep.normaayub@camara.leg.br,3215-5601
ODORICO MONTEIRO,PSB,CE,dep.odoricomonteiro@camara.leg.br,3215-5582
ONYX LORENZONI,DEM,RS,dep.onyxlorenzoni@camara.leg.br,3215-5828
ORLANDO SILVA,PCdoB,SP,dep.orlandosilva@camara.leg.br,3215-5923
OSMAR BERTOLDI,DEM,PR,dep.osmarbertoldi@camara.leg.br,3215-5268
OSMAR SERRAGLIO,PMDB,PR,dep.osmarserraglio@camara.leg.br,3215-5845
OTAVIO LEITE,PSDB,RJ,dep.otavioleite@camara.leg.br,3215-5225
PADRE JOÃO,PT,MG,dep.padrejoao@camara.leg.br,3215-5743
PAES LANDIM,PTB,PI,dep.paeslandim@camara.leg.br,3215-5648
PASTOR EURICO,PHS,PE,dep.pastoreurico@camara.leg.br,3215-5906
PASTOR LUCIANO BRAGA,PRB,BA,dep.pastorlucianobraga@camara.leg.br,3215-5618
PATRUS ANANIAS,PT,MG,dep.patrusananias@camara.leg.br,3215-5720
PAUDERNEY AVELINO,DEM,AM,dep.pauderneyavelino@camara.leg.br,3215-5610
PAULÃO,PT,AL,dep.paulao@camara.leg.br,3215-5366
PAULO ABI-ACKEL,PSDB,MG,dep.pauloabi-ackel@camara.leg.br,3215-5460
PAULO AZI,DEM,BA,dep.pauloazi@camara.leg.br,3215-5635
PAULO FEIJÓ,PR,RJ,dep.paulofeijo@camara.leg.br,3215-5336
PAULO FOLETTO,PSB,ES,dep.paulofoletto@camara.leg.br,3215-5839
PAULO FREIRE,PR,SP,dep.paulofreire@camara.leg.br,3215-5416
PAULO MAGALHÃES,PSD,BA,dep.paulomagalhaes@camara.leg.br,3215-5903
PAULO MALUF,PP,SP,dep.paulomaluf@camara.leg.br,3215-5512
PAULO PEREIRA DA SILVA,SD,SP,dep.paulopereiradasilva@camara.leg.br,3215-5217
PAULO PIMENTA,PT,RS,dep.paulopimenta@camara.leg.br,3215-5552
PAULO TEIXEIRA,PT,SP,dep.pauloteixeira@camara.leg.br,3215-5281
PEDRO CHAVES,PMDB,GO,dep.pedrochaves@camara.leg.br,3215-5406
PEDRO CUNHA LIMA,PSDB,PB,dep.pedrocunhalima@camara.leg.br,3215-5611
PEDRO FERNANDES,PTB,MA,dep.pedrofernandes@camara.leg.br,3215-5814
PEDRO PAULO,PMDB,RJ,dep.pedropaulo@camara.leg.br,3215-5727
PEDRO UCZAI,PT,SC,dep.pedrouczai@camara.leg.br,3215-5229
PEDRO VILELA,PSDB,AL,dep.pedrovilela@camara.leg.br,3215-5705
PEPE VARGAS,PT,RS,dep.pepevargas@camara.leg.br,3215-5858
POLLYANA GAMA,PPS,SP,dep.pollyanagama@camara.leg.br,3215-5921
POMPEO DE MATTOS,PDT,RS,dep.pompeodemattos@camara.leg.br,3215-5704
PR. MARCO FELICIANO,PSC,SP,dep.pr.marcofeliciano@camara.leg.br,3215-5254
PROF. GEDEÃO AMORIM,PMDB,AM,dep.prof.gedeaoamorim@camara.leg.br,3215-5474
PROFESSOR VICTÓRIO GALLI,PSC,MT,dep.professorvictoriogalli@camara.leg.br,3215-5539
PROFESSORA DORINHA SEABRA REZENDE,DEM,TO,dep.professoradorinhaseabrarezende@camara.leg.br,3215-5432
PROFESSORA MARCIVANIA,PCdoB,AP,dep.professoramarcivania@camara.leg.br,3215-5338
RAFAEL MOTTA,PSB,RN,dep.rafaelmotta@camara.leg.br,3215-5737
RAIMUNDO GOMES DE MATOS,PSDB,CE,dep.raimundogomesdematos@camara.leg.br,3215-5725
RAQUEL MUNIZ,PSD,MG,dep.raquelmuniz@camara.leg.br,3215-5444
REGINALDO LOPES,PT,MG,dep.reginaldolopes@camara.leg.br,3215-5426
REINHOLD STEPHANES,PSD,PR,dep.reinholdstephanes@camara.leg.br,3215-5519
REMÍDIO MONAI,PR,RR,dep.remidiomonai@camara.leg.br,3215-5641
RENATA ABREU,PODE,SP,dep.renataabreu@camara.leg.br,3215-5726
RENATO ANDRADE,PP,MG,dep.renatoandrade@camara.leg.br,3215-5483
RENATO MOLLING,PP,RS,dep.renatomolling@camara.leg.br,3215-5337
RENZO BRAZ,PP,MG,dep.renzobraz@camara.leg.br,3215-5736
RICARDO IZAR,PP,SP,dep.ricardoizar@camara.leg.br,3215-5634
RICARDO TEOBALDO,PODE,PE,dep.ricardoteobaldo@camara.leg.br,3215-5603
RICARDO TRIPOLI,PSDB,SP,dep.ricardotripoli@camara.leg.br,3215-5241
ROBERTO ALVES,PRB,SP,dep.robertoalves@camara.leg.br,3215-5946
ROBERTO BALESTRA,PP,GO,dep.robertobalestra@camara.leg.br,3215-5219
ROBERTO BRITTO,PP,BA,dep.robertobritto@camara.leg.br,3215-5733
ROBERTO DE LUCENA,PV,SP,dep.robertodelucena@camara.leg.br,3215-5235
ROBERTO FREIRE,PPS,SP,dep.robertofreire@camara.leg.br,3215-5242
ROBERTO GÓES,PDT,AP,dep.robertogoes@camara.leg.br,3215-5462
ROBERTO SALES,PRB,RJ,dep.robertosales@camara.leg.br,3215-5332
ROCHA,PSDB,AC,dep.rocha@camara.leg.br,3215-5607
RODRIGO DE CASTRO,PSDB,MG,dep.rodrigodecastro@camara.leg.br,3215-5701
RODRIGO MAIA,DEM,RJ,dep.rodrigomaia@camara.leg.br,3215-5308
RODRIGO MARTINS,PSB,PI,dep.rodrigomartins@camara.leg.br,3215-5558
RODRIGO PACHECO,PMDB,MG,dep.rodrigopacheco@camara.leg.br,3215-5510
ROGÉRIO MARINHO,PSDB,RN,dep.rogeriomarinho@camara.leg.br,3215-5446
ROGÉRIO PENINHA MENDONÇA,PMDB,SC,dep.rogeriopeninhamendonca@camara.leg.br,3215-5656
ROGÉRIO ROSSO,PSD,DF,dep.rogeriorosso@camara.leg.br,3215-5283
RÔMULO GOUVEIA,PSD,PB,dep.romulogouveia@camara.leg.br,3215-5411
RONALDO BENEDET,PMDB,SC,dep.ronaldobenedet@camara.leg.br,3215-5918
RONALDO CARLETTO,PP,BA,dep.ronaldocarletto@camara.leg.br,3215-5262
RONALDO FONSECA,PROS,DF,dep.ronaldofonseca@camara.leg.br,3215-5223
RONALDO LESSA,PDT,AL,dep.ronaldolessa@camara.leg.br,3215-5722
RONALDO MARTINS,PRB,CE,dep.ronaldomartins@camara.leg.br,3215-5568
RONALDO NOGUEIRA,PTB,RS,dep.ronaldonogueira@camara.leg.br,3215-5625
RÔNEY NEMER,PP,DF,dep.roneynemer@camara.leg.br,3215-5572
ROSANGELA GOMES,PRB,RJ,dep.rosangelagomes@camara.leg.br,3215-5438
ROSINHA DA ADEFAL,AVANTE,AL,dep.rosinhadaadefal@camara.leg.br,3215-5412
RUBENS BUENO,PPS,PR,dep.rubensbueno@camara.leg.br,3215-5623
RUBENS OTONI,PT,GO,dep.rubensotoni@camara.leg.br,3215-5501
RUBENS PEREIRA JÚNIOR,PCdoB,MA,dep.rubenspereirajunior@camara.leg.br,3215-5574
SÁGUAS MORAES,PT,MT,dep.saguasmoraes@camara.leg.br,3215-5371
SANDES JÚNIOR,PP,GO,dep.sandesjunior@camara.leg.br,3215-5441
SANDRO ALEX,PSD,PR,dep.sandroalex@camara.leg.br,3215-5221
SARAIVA FELIPE,PMDB,MG,dep.saraivafelipe@camara.leg.br,3215-5429
SÉRGIO BRITO,PSD,BA,dep.sergiobrito@camara.leg.br,3215-5638
SÉRGIO MORAES,PTB,RS,dep.sergiomoraes@camara.leg.br,3215-5258
SÉRGIO REIS,PRB,SP,dep.sergioreis@camara.leg.br,3215-5213
SERGIO SOUZA,PMDB,PR,dep.sergiosouza@camara.leg.br,3215-5702
SERGIO VIDIGAL,PDT,ES,dep.sergiovidigal@camara.leg.br,3215-5812
SERGIO ZVEITER,PODE,RJ,dep.sergiozveiter@camara.leg.br,3215-5437
SEVERINO NINHO,PSB,PE,dep.severinoninho@camara.leg.br,3215-5314
SHÉRIDAN,PSDB,RR,dep.sheridan@camara.leg.br,3215-5246
SILAS CÂMARA,PRB,AM,dep.silascamara@camara.leg.br,3215-5532
SILAS FREIRE,PODE,PI,dep.silasfreire@camara.leg.br,3215-5484
SILVIO COSTA,AVANTE,PE,dep.silviocosta@camara.leg.br,3215-5417
SILVIO TORRES,PSDB,SP,dep.silviotorres@camara.leg.br,3215-5404
SIMÃO SESSIM,PP,RJ,dep.simaosessim@camara.leg.br,3215-5709
SIMONE MORGADO,PMDB,PA,dep.simonemorgado@camara.leg.br,3215-5440
SORAYA SANTOS,PMDB,RJ,dep.sorayasantos@camara.leg.br,3215-5352
SÓSTENES CAVALCANTE,DEM,RJ,dep.sostenescavalcante@camara.leg.br,3215-5560
STEFANO AGUIAR,PSD,MG,dep.stefanoaguiar@camara.leg.br,3215-5341
SUBTENENTE GONZAGA,PDT,MG,dep.subtenentegonzaga@camara.leg.br,3215-5750
TADEU ALENCAR,PSB,PE,dep.tadeualencar@camara.leg.br,3215-5820
TAKAYAMA,PSC,PR,dep.takayama@camara.leg.br,3215-5910
TENENTE LÚCIO,PSB,MG,dep.tenentelucio@camara.leg.br,3215-5239
TEREZA CRISTINA,S.PART.,MS,dep.terezacristina@camara.leg.br,3215-5448
THIAGO PEIXOTO,PSD,GO,dep.thiagopeixoto@camara.leg.br,3215-5941
TIRIRICA,PR,SP,dep.tiririca@camara.leg.br,3215-5637
TONINHO PINHEIRO,PP,MG,dep.toninhopinheiro@camara.leg.br,3215-5584
TONINHO WANDSCHEER,PROS,PR,dep.toninhowandscheer@camara.leg.br,3215-5902
ULDURICO JUNIOR,PV,BA,dep.ulduricojunior@camara.leg.br,3215-5729
VAIDON OLIVEIRA,PROS,CE,dep.vaidonoliveira@camara.leg.br,3215-5570
VALADARES FILHO,PSB,SE,dep.valadaresfilho@camara.leg.br,3215-5660
VALDIR COLATTO,PMDB,SC,dep.valdircolatto@camara.leg.br,3215-5516
VALMIR ASSUNÇÃO,PT,BA,dep.valmirassuncao@camara.leg.br,3215-5739
VALMIR PRASCIDELLI,PT,SP,dep.valmirprascidelli@camara.leg.br,3215-5837
VALTENIR PEREIRA,PSB,MT,dep.valtenirpereira@camara.leg.br,3215-5913
VANDER LOUBET,PT,MS,dep.vanderloubet@camara.leg.br,3215-5838
VANDERLEI MACRIS,PSDB,SP,dep.vanderleimacris@camara.leg.br,3215-5348
VENEZIANO VITAL DO RÊGO,PMDB,PB,dep.venezianovitaldorego@camara.leg.br,3215-5833
VICENTE ARRUDA,PDT,CE,dep.vicentearruda@camara.leg.br,3215-5911
VICENTE CANDIDO,PT,SP,dep.vicentecandido@camara.leg.br,3215-5819
VICENTINHO,PT,SP,dep.vicentinho@camara.leg.br,3215-5740
VICENTINHO JÚNIOR,PR,TO,dep.vicentinhojunior@camara.leg.br,3215-5817
VICTOR MENDES,PSD,MA,dep.victormendes@camara.leg.br,3215-5580
VINICIUS CARVALHO,PRB,SP,dep.viniciuscarvalho@camara.leg.br,3215-5356
VINICIUS GURGEL,PR,AP,dep.viniciusgurgel@camara.leg.br,3215-5852
VITOR LIPPI,PSDB,SP,dep.vitorlippi@camara.leg.br,3215-5823
VITOR VALIM,PMDB,CE,dep.vitorvalim@camara.leg.br,3215-5545
WADIH DAMOUS,PT,RJ,dep.wadihdamous@camara.leg.br,3215-5413
WALDENOR PEREIRA,PT,BA,dep.waldenorpereira@camara.leg.br,3215-5954
WALDIR MARANHÃO,AVANTE,MA,dep.waldirmaranhao@camara.leg.br,3215-5975
WALNEY ROCHA,PEN,RJ,dep.walneyrocha@camara.leg.br,3215-5575
WALTER ALVES,PMDB,RN,dep.walteralves@camara.leg.br,3215-5435
WALTER IHOSHI,PSD,SP,dep.walterihoshi@camara.leg.br,3215-5372
WELITON PRADO,PROS,MG,dep.welitonprado@camara.leg.br,3215-5862
WELLINGTON ROBERTO,PR,PB,dep.wellingtonroberto@camara.leg.br,3215-5514
WEVERTON ROCHA,PDT,MA,dep.wevertonrocha@camara.leg.br,3215-5405
WILSON BESERRA,PMDB,RJ,dep.wilsonbeserra@camara.leg.br,3215-5467
WILSON FILHO,PTB,PB,dep.wilsonfilho@camara.leg.br,3215-5534
WLADIMIR COSTA,SD,PA,dep.wladimircosta@camara.leg.br,3215-5343
WOLNEY QUEIROZ,PDT,PE,dep.wolneyqueiroz@camara.leg.br,3215-5936
XUXU DAL MOLIN,PSC,MT,dep.xuxudalmolin@camara.leg.br,3215-5374
YEDA CRUSIUS,PSDB,RS,dep.yedacrusius@camara.leg.br,3215-5445
ZÉ AUGUSTO NALIN,PMDB,RJ,dep.zeaugustonalin@camara.leg.br,3215-5302
ZÉ CARLOS,PT,MA,dep.zecarlos@camara.leg.br,3215-5748
ZÉ GERALDO,PT,PA,dep.zegeraldo@camara.leg.br,3215-5266
ZÉ SILVA,SD,MG,dep.zesilva@camara.leg.br,3215-5608
ZECA CAVALCANTI,PTB,PE,dep.zecacavalcanti@camara.leg.br,3215-5318
ZECA DIRCEU,PT,PR,dep.zecadirceu@camara.leg.br,3215-5613
ZECA DO PT,PT,MS,dep.zecadopt@camara.leg.br,3215-5860
ZENAIDE MAIA,PR,RN,dep.zenaidemaia@camara.leg.br,3215-5439
